{
    "Sheet1": [
        {
            "customer": "Mystery Shopping",
            "package_name": "com.mysteryshopping",
            "channel_name": "Organic Search",
            "bank_account_number": "",
            "bank_name": "NA",
            "upi_vpa": "",
            "ac_holder_name": "",
            "screenshot": "NA",
            "platform": "NA",
            "search_for": "NA",
            "status": "Active",
            "upi_bank_account_wallet": "NA",
            "priority": "High",
            "flag": 1,
            "cessation": "Open",
            "reviewed_status": 1,
            "handle": "NA",
            "origin": "NA",
            "payment_gateway_name": "NA",
            "category_of_website": "NA",
            "screenshot_case_report_link": "NA",
            "payment_gateway_intermediate_url": "NA",
            "neft_imps": "NA",
            "transaction_method": "NA",
            "ifsc_code": "",
            "bank_branch_details": "NA",
            "payment_gateway_url": "NA",
            "upi_url": "NA",
            "website_url": "NA",
            "inserted_date": "NA",
            "reported_earlier": "No",
            "approvd_status": 1,
            "feature_type": "BS Investment Scam",
            "case_generated_time": "NA",
            "web_contact_no": "NA"
        }
    ]
}
